antecedents,consequents,antecedent support,consequent support,support,confidence,lift,representativity,leverage,conviction,zhangs_metric,jaccard,certainty,kulczynski
frozenset({'RED HANGING HEART T-LIGHT HOLDER'}),frozenset({'WHITE HANGING HEART T-LIGHT HOLDER'}),0.03710223727604956,0.11188608610393083,0.0259827079062305,0.7003003003003002,6.259047256776792,1.0,0.021831483791713947,2.9633460253245585,0.8726069449074989,0.21123188405797103,0.6625436275568002,0.46626247837161994
frozenset({'WOODEN PICTURE FRAME WHITE FINISH'}),frozenset({'WOODEN FRAME ANTIQUE WHITE'}),0.03761476067385685,0.040311079418843036,0.02235047686959622,0.5941943127962085,14.740223317325954,1.0,0.0208341852647516,2.364897661227727,0.9685917703036117,0.40216519647153165,0.5771487213189368,0.5743221425783143
frozenset({'WOODEN FRAME ANTIQUE WHITE'}),frozenset({'WOODEN PICTURE FRAME WHITE FINISH'}),0.040311079418843036,0.03761476067385685,0.02235047686959622,0.55444997236042,14.740223317325954,1.0,0.0208341852647516,2.159993669901976,0.9713131022795268,0.40216519647153165,0.5370356802733678,0.5743221425783143
frozenset({'WHITE HANGING HEART T-LIGHT HOLDER'}),frozenset({'RED HANGING HEART T-LIGHT HOLDER'}),0.11188608610393083,0.03710223727604956,0.0259827079062305,0.23222465644293966,6.2590472567767925,1.0,0.021831483791713947,1.2541399913455136,0.9460850256278494,0.21123188405797103,0.20264084799086715,0.46626247837161994
